{
  "glm_row": {
    "auc": 0.7771303262848456,
    "accuracy_at_optimal_threshold": 0.7475951937559248,
    "optimal_threshold": 0.4615484192596885,
    "sensitivity_at_optimal_threshold": 0.6854619565217391,
    "specificity_at_optimal_threshold": 0.7478160297860217
  },
  "glm_patient_time": {
    "n_positive_patients": 880,
    "n_detected_positive_patients": 632,
    "patient_sensitivity": 0.7181818181818181,
    "n_negative_patients": 11221,
    "false_alert_patient_rate": 0.6583192228856608,
    "median_early_warning_time_hours": 42.0,
    "mean_early_warning_time_hours": 60.28639240506329
  },
  "rnn_row": {
    "auc": 0.791488268223338,
    "accuracy_at_optimal_threshold": 0.777828905962404,
    "optimal_threshold": 0.009970495477318764,
    "sensitivity_at_optimal_threshold": 0.6709781729991916,
    "specificity_at_optimal_threshold": 0.7782227426722327
  },
  "rnn_patient_time": {
    "n_positive_patients": 880,
    "n_detected_positive_patients": 572,
    "patient_sensitivity": 0.65,
    "n_negative_patients": 11221,
    "false_alert_patient_rate": 0.7958292487300597,
    "median_early_warning_time_hours": 41.5,
    "mean_early_warning_time_hours": 62.23251748251748
  }
}